fecha,game_id,partido,liga,tipo,mercado,clave,prob,cuota,casa,cuota_justa,ev,stake,alineacion,resultado,ganancia
2026-10-08 12:48,4760816,CD Moquegua vs Cienciano,"Perú, Liga 1 - Clausura",seguro,Más de 3.5 tarjetas,CARDS|3.5|over,0.7834,,,1.28,,,si,P,
2026-10-08 12:48,4760816,CD Moquegua vs Cienciano,"Perú, Liga 1 - Clausura",seguro,CD Moquegua recibe gol,CS||local_no,0.7612,1.22,,1.31,-0.0713,,si,G,
2026-10-08 12:48,4760816,CD Moquegua vs Cienciano,"Perú, Liga 1 - Clausura",seguro,Menos de 11.5 córners,CORN|11.5|under,0.6968,,,1.44,,,si,P,
2026-10-08 12:48,4760816,CD Moquegua vs Cienciano,"Perú, Liga 1 - Clausura",arriesgado,Menos de 1.5 goles,OU|1.5|under,0.2608,3.75,,3.83,-0.0219,,si,P,
2026-10-08 12:48,4760816,CD Moquegua vs Cienciano,"Perú, Liga 1 - Clausura",arriesgado,Empate,1X2||X,0.2677,3.60,,3.74,-0.0363,,si,P,
2026-10-08 12:48,4760816,CD Moquegua vs Cienciano,"Perú, Liga 1 - Clausura",arriesgado,Marcador exacto 1-1,EXACT||1-1,0.1342,,,7.45,,,si,P,
2026-10-08 15:11,4760812,Grau vs Los Chankas,"Perú, Liga 1 - Clausura",seguro,Menos de 11.5 córners,CORN|11.5|under,0.7484,,,1.34,,,si,G,
2026-10-08 15:11,4760812,Grau vs Los Chankas,"Perú, Liga 1 - Clausura",seguro,Más de 3.5 tarjetas,CARDS|3.5|over,0.7308,,,1.37,,,si,G,
2026-10-08 15:11,4760812,Grau vs Los Chankas,"Perú, Liga 1 - Clausura",seguro,Más de 0.5 goles en el 1T,OU1T|0.5|over,0.7238,1.30,Bet365,1.38,-0.0591,,si,P,
2026-10-08 15:11,4760812,Grau vs Los Chankas,"Perú, Liga 1 - Clausura",arriesgado,Los Chankas deja el arco en cero,CS||visita_si,0.1489,6.50,Bet365,6.71,-0.0319,,si,G,
2026-10-08 15:11,4760812,Grau vs Los Chankas,"Perú, Liga 1 - Clausura",arriesgado,Gana Los Chankas,1X2||2,0.1753,5.50,Bet365,5.70,-0.0357,,si,P,
2026-10-08 15:11,4760812,Grau vs Los Chankas,"Perú, Liga 1 - Clausura",arriesgado,Marcador exacto 1-1,EXACT||1-1,0.1126,,,8.88,,,si,P,
2026-10-08 18:57,4632663,Palmeiras vs Bahia,"Brasil, Brasileirão",seguro,Más de 1.5 goles,OU|1.5|over,0.7172,1.20,Bet365,1.39,-0.1393,,si,P,
2026-10-08 18:57,4632663,Palmeiras vs Bahia,"Brasil, Brasileirão",seguro,Más de 10.5 córners,CORN|10.5|over,0.5504,1.73,Bet365,1.82,-0.0479,,si,P,
2026-10-08 18:57,4632663,Palmeiras vs Bahia,"Brasil, Brasileirão",arriesgado,Gana Bahia,1X2||2,0.1998,5.95,BetOnline.ag,5.00,0.1890,,si,P,
2026-10-08 18:57,4632663,Palmeiras vs Bahia,"Brasil, Brasileirão",arriesgado,Marcador exacto 0-0,EXACT||0-0,0.1529,,,6.54,,,si,P,
2026-10-08 18:57,4632663,Palmeiras vs Bahia,"Brasil, Brasileirão",modelo,Más de 2.5 tarjetas,CARDS|2.5|over,0.8603,,,1.16,,,si,G,
2026-10-08 18:57,4632663,Palmeiras vs Bahia,"Brasil, Brasileirão",modelo,Menos de 13.5 córners,CORN|13.5|under,0.6743,,,1.48,,,si,G,
2026-10-08 18:57,4632663,Palmeiras vs Bahia,"Brasil, Brasileirão",apostable,Bahia deja el arco en cero,CS||visita_si,0.2052,7.00,Bet365,4.87,0.4361,9.00,si,P,-9.00
2026-10-08 18:57,4632663,Palmeiras vs Bahia,"Brasil, Brasileirão",apostable,Más de 4.5 tarjetas,CARDS|4.5|over,0.6125,2.10,Bet365,1.63,0.2863,30.00,si,P,-30.00
2026-10-08 18:57,4632663,Palmeiras vs Bahia,"Brasil, Brasileirão",apostable,Empate,1X2||X,0.2531,4.58,BetOnline.ag,3.95,0.1592,5.50,si,P,-5.50
2026-10-08 18:58,4632665,Fluminense vs Coritiba,"Brasil, Brasileirão",seguro,Más de 1.5 goles,OU|1.5|over,0.7925,1.22,Bet365,1.26,-0.0332,,si,,
2026-10-08 18:58,4632665,Fluminense vs Coritiba,"Brasil, Brasileirão",seguro,Gana Fluminense,1X2||1,0.6220,1.50,Nordic Bet,1.61,-0.0670,,si,,
2026-10-08 18:58,4632665,Fluminense vs Coritiba,"Brasil, Brasileirão",seguro,Menos de 5.5 tarjetas,CARDS|5.5|under,0.5922,1.62,Bet365,1.69,-0.0406,,si,,
2026-10-08 18:58,4632665,Fluminense vs Coritiba,"Brasil, Brasileirão",arriesgado,Gana Coritiba,1X2||2,0.1607,7.10,BetOnline.ag,6.22,0.1412,,si,,
2026-10-08 18:58,4632665,Fluminense vs Coritiba,"Brasil, Brasileirão",arriesgado,Más de 2.5 goles en el 1T,OU1T|2.5|over,0.1511,6.50,Bet365,6.62,-0.0181,,si,,
2026-10-08 18:58,4632665,Fluminense vs Coritiba,"Brasil, Brasileirão",arriesgado,Marcador exacto 1-1,EXACT||1-1,0.1058,,,9.45,,,si,,
2026-10-08 18:58,4632665,Fluminense vs Coritiba,"Brasil, Brasileirão",modelo,Más de 2.5 tarjetas,CARDS|2.5|over,0.8227,,,1.22,,,si,,
2026-10-08 18:58,4632665,Fluminense vs Coritiba,"Brasil, Brasileirão",modelo,Menos de 14.5 córners,CORN|14.5|under,0.7214,,,1.39,,,si,,
2026-10-08 18:58,4632665,Fluminense vs Coritiba,"Brasil, Brasileirão",apostable,Más de 4.5 tarjetas,CARDS|4.5|over,0.5445,2.00,Bet365,1.84,0.0891,22.50,si,,
